name,family,lon,lat
Ancient South Arabian,Central Semitic,45.35,15.42
Arabic,Central Semitic,33.12,29.63
Dumaitic North Arabian,Central Semitic,39.89,29.8
Hasaitic North Arabian,Central Semitic,49.27,25.79
Eblaite,East Semitic,36.8,35.8
Middle Assyrian,East Semitic,40.65,36.21
Middle Babylonian,East Semitic,44.51,32.75
Neo-Assyrian,East Semitic,41.05,36.81
Neo-Babylonian,East Semitic,44.87,32.5
Old Akkadian,East Semitic,44.1,33.1
Old Assyrian,East Semitic,40.95,35.88
Old Babylonian,East Semitic,45.11,33.11
Coptic,Egyptian,30.5,29.4
Earlier Egyptian,Egyptian,30.33,28.38
Later Egyptian,Egyptian,31.21,29.47
Middle Egyptian,Egyptian,30.93,28.41
Achaemenid Elamite,Elamite,48.029999999999994,30.98
Old Elamite,Elamite,48.43,31.38
Hurrian,Hurro-Urartian,43.32,40.73
Hittite,Indo-European,35,40
Luwian,Indo-European,36,38
Amorite,Northwest Semitic,40.72,34.71
Imperial Aramaic,Northwest Semitic,42.19,33.91
Jewish Babylonian Aramaic,Northwest Semitic,44.24,32.27
Jewish Palestinian Aramaic,Northwest Semitic,35.400000000000006,32.480000000000004
Mandaic Aramaic,Northwest Semitic,49.57,36.12
Middle Aramaic,Northwest Semitic,35,32.08
Mishnaic Hebrew,Northwest Semitic,35.370000000000005,31.98
Old Aramaic,Northwest Semitic,37,32.84
Phoenician,Northwest Semitic,35.65,34.12
Samal,Northwest Semitic,36.67,37.1
Standard Biblical Hebrew,Northwest Semitic,34.97,31.580000000000002
Syriac,Northwest Semitic,42.14,37.11
Ugaritic,Northwest Semitic,35.78,35.6
Sumerian,Sumerian,45.67,31.3
